{"epoch": 400, "train_acc": 0.6731770634651184, "val_acc": 0.6890624761581421, "val_loss": 0.747683584690094}