{"epoch": 900, "train_acc": 0.6701388955116272, "val_acc": 0.684374988079071, "val_loss": 0.747717559337616}