{"epoch": 100, "train_acc": 0.6685763597488403, "val_acc": 0.6781250238418579, "val_loss": 0.7581626176834106}