{"epoch": 750, "train_acc": 0.6711805462837219, "val_acc": 0.6734374761581421, "val_loss": 0.7527505159378052}