{"epoch": 150, "train_acc": 0.667187511920929, "val_acc": 0.6773437261581421, "val_loss": 0.7534385323524475}