{"epoch": 250, "train_acc": 0.6711805462837219, "val_acc": 0.6898437738418579, "val_loss": 0.7531082034111023}