{"epoch": 850, "train_acc": 0.6748263835906982, "val_acc": 0.678906261920929, "val_loss": 0.7539911866188049}