{"epoch": 500, "train_acc": 0.6746527552604675, "val_acc": 0.6773437261581421, "val_loss": 0.7492151260375977}