{"epoch": 550, "train_acc": 0.6723090410232544, "val_acc": 0.671875, "val_loss": 0.7549790143966675}