{"epoch": 948, "train_acc": 0.66796875, "val_acc": 0.684374988079071, "val_loss": 0.747717559337616}