{"epoch": 450, "train_acc": 0.672656238079071, "val_acc": 0.6796875, "val_loss": 0.7480667233467102}