{"epoch": 350, "train_acc": 0.6684027910232544, "val_acc": 0.6820312738418579, "val_loss": 0.7508920431137085}