{"epoch": 300, "train_acc": 0.6693576574325562, "val_acc": 0.68359375, "val_loss": 0.7536450624465942}