{"epoch": 200, "train_acc": 0.6724826097488403, "val_acc": 0.686718761920929, "val_loss": 0.7496930956840515}