{"epoch": 650, "train_acc": 0.667187511920929, "val_acc": 0.6796875, "val_loss": 0.7500673532485962}