{"epoch": 50, "train_acc": 0.6695312261581421, "val_acc": 0.680468738079071, "val_loss": 0.77676922082901}