{"epoch": 800, "train_acc": 0.668749988079071, "val_acc": 0.6812499761581421, "val_loss": 0.7486266493797302}