{"epoch": 700, "train_acc": 0.6704860925674438, "val_acc": 0.6820312738418579, "val_loss": 0.7476118803024292}