{"epoch": 600, "train_acc": 0.6697916388511658, "val_acc": 0.6820312738418579, "val_loss": 0.7517920732498169}