{"epoch": 700, "train_acc": 0.6714409589767456, "val_acc": 0.6875, "val_loss": 0.7534793615341187}