{"epoch": 250, "train_acc": 0.6664062738418579, "val_acc": 0.682812511920929, "val_loss": 0.7510155439376831}