{"epoch": 600, "train_acc": 0.6694444417953491, "val_acc": 0.6890624761581421, "val_loss": 0.7541404962539673}