{"epoch": 450, "train_acc": 0.6690972447395325, "val_acc": 0.68359375, "val_loss": 0.7526830434799194}