{"epoch": 850, "train_acc": 0.6703993082046509, "val_acc": 0.6851562261581421, "val_loss": 0.7498739957809448}