{"epoch": 800, "train_acc": 0.671093761920929, "val_acc": 0.6875, "val_loss": 0.7511385083198547}