{"epoch": 1250, "train_acc": 0.6698784828186035, "val_acc": 0.6812499761581421, "val_loss": 0.7543351650238037}