{"epoch": 1400, "train_acc": 0.6728298664093018, "val_acc": 0.671875, "val_loss": 0.7560951113700867}