{"epoch": 100, "train_acc": 0.6696180701255798, "val_acc": 0.671875, "val_loss": 0.7555078268051147}