{"epoch": 1500, "train_acc": 0.6725694537162781, "val_acc": 0.6796875, "val_loss": 0.7554674744606018}