{"epoch": 1350, "train_acc": 0.671093761920929, "val_acc": 0.686718761920929, "val_loss": 0.7530742883682251}