{"epoch": 1100, "train_acc": 0.6733506917953491, "val_acc": 0.684374988079071, "val_loss": 0.7490888833999634}