{"epoch": 750, "train_acc": 0.6736111044883728, "val_acc": 0.682812511920929, "val_loss": 0.7515178322792053}