{"epoch": 100, "train_acc": 0.45376062393188477, "val_acc": 0.4507068693637848, "val_loss": 1.0632951259613037}