{"epoch": 750, "train_acc": 0.45347243547439575, "val_acc": 0.4548921287059784, "val_loss": 1.0592215061187744}