{"epoch": 250, "train_acc": 0.4530894160270691, "val_acc": 0.4526599943637848, "val_loss": 1.0609444379806519}