{"epoch": 900, "train_acc": 0.4494559168815613, "val_acc": 0.451264888048172, "val_loss": 1.0599678754806519}