{"epoch": 1300, "train_acc": 0.4492068886756897, "val_acc": 0.4507068693637848, "val_loss": 1.058431625366211}