{"epoch": 1250, "train_acc": 0.44923296570777893, "val_acc": 0.455171138048172, "val_loss": 1.0592172145843506}