{"epoch": 1000, "train_acc": 0.4506809115409851, "val_acc": 0.4515438973903656, "val_loss": 1.0586692094802856}