{"epoch": 700, "train_acc": 0.4532008767127991, "val_acc": 0.4481956958770752, "val_loss": 1.0588146448135376}