{"epoch": 450, "train_acc": 0.45464885234832764, "val_acc": 0.4523809552192688, "val_loss": 1.0597259998321533}