{"epoch": 800, "train_acc": 0.45294591784477234, "val_acc": 0.4554501473903656, "val_loss": 1.0603687763214111}