{"epoch": 1400, "train_acc": 0.4500073492527008, "val_acc": 0.4476376473903656, "val_loss": 1.0601261854171753}