{"epoch": 950, "train_acc": 0.4532981216907501, "val_acc": 0.4470796287059784, "val_loss": 1.0588452816009521}