{"epoch": 1100, "train_acc": 0.4514007568359375, "val_acc": 0.4445684552192688, "val_loss": 1.0613080263137817}