{"epoch": 550, "train_acc": 0.4524502456188202, "val_acc": 0.4548921287059784, "val_loss": 1.058991551399231}