{"epoch": 650, "train_acc": 0.4513449966907501, "val_acc": 0.4521019458770752, "val_loss": 1.0592917203903198}