{"epoch": 1450, "train_acc": 0.4525783061981201, "val_acc": 0.4585193693637848, "val_loss": 1.0605379343032837}