{"epoch": 300, "train_acc": 0.4527455270290375, "val_acc": 0.4529390037059784, "val_loss": 1.057564377784729}