{"epoch": 350, "train_acc": 0.44999903440475464, "val_acc": 0.4501488208770752, "val_loss": 1.058319330215454}