{"epoch": 1350, "train_acc": 0.4508955478668213, "val_acc": 0.4518229365348816, "val_loss": 1.0597641468048096}