{"epoch": 400, "train_acc": 0.4470711350440979, "val_acc": 0.449311763048172, "val_loss": 1.058963418006897}