{"epoch": 1150, "train_acc": 0.45363253355026245, "val_acc": 0.4484747052192688, "val_loss": 1.0600954294204712}