{"epoch": 500, "train_acc": 0.4515359401702881, "val_acc": 0.4521019458770752, "val_loss": 1.059280514717102}