{"epoch": 600, "train_acc": 0.44935986399650574, "val_acc": 0.4490327537059784, "val_loss": 1.0586620569229126}