{"epoch": 1050, "train_acc": 0.45176124572753906, "val_acc": 0.4498698115348816, "val_loss": 1.0614750385284424}