{"epoch": 200, "train_acc": 0.450832724571228, "val_acc": 0.4470796287059784, "val_loss": 1.0578749179840088}