{"epoch": 50, "train_acc": 0.4502789378166199, "val_acc": 0.457124263048172, "val_loss": 1.0587962865829468}