{"epoch": 150, "train_acc": 0.4503275454044342, "val_acc": 0.4445684552192688, "val_loss": 1.0583008527755737}