{"epoch": 1500, "train_acc": 0.45250362157821655, "val_acc": 0.455171138048172, "val_loss": 1.0575984716415405}