{"epoch": 850, "train_acc": 0.45110663771629333, "val_acc": 0.4470796287059784, "val_loss": 1.060294508934021}