{"epoch": 1200, "train_acc": 0.45002278685569763, "val_acc": 0.449311763048172, "val_loss": 1.0587759017944336}