{"epoch": 650, "train_acc": 0.671875, "val_acc": 0.688281238079071, "val_loss": 0.7531353235244751}