{"epoch": 350, "train_acc": 0.6670138835906982, "val_acc": 0.6890624761581421, "val_loss": 0.7536104321479797}