{"epoch": 1000, "train_acc": 0.6707465052604675, "val_acc": 0.6875, "val_loss": 0.750406801700592}