{"epoch": 1200, "train_acc": 0.6730034947395325, "val_acc": 0.680468738079071, "val_loss": 0.7561987638473511}