{"epoch": 950, "train_acc": 0.6673611402511597, "val_acc": 0.6851562261581421, "val_loss": 0.7518117427825928}