{"epoch": 200, "train_acc": 0.6670138835906982, "val_acc": 0.686718761920929, "val_loss": 0.7560352087020874}