{"epoch": 150, "train_acc": 0.6675347089767456, "val_acc": 0.6859375238418579, "val_loss": 0.7530149221420288}