{"epoch": 550, "train_acc": 0.671961784362793, "val_acc": 0.6820312738418579, "val_loss": 0.7524064183235168}