{"epoch": 400, "train_acc": 0.6717013716697693, "val_acc": 0.68359375, "val_loss": 0.7510952949523926}