{"epoch": 300, "train_acc": 0.6659722328186035, "val_acc": 0.682812511920929, "val_loss": 0.7528297305107117}