{"epoch": 50, "train_acc": 0.6698784828186035, "val_acc": 0.671875, "val_loss": 0.7704635858535767}