{"epoch": 500, "train_acc": 0.6745659708976746, "val_acc": 0.6937500238418579, "val_loss": 0.7513718605041504}