{"epoch": 1050, "train_acc": 0.6709201335906982, "val_acc": 0.686718761920929, "val_loss": 0.7516776919364929}