{"epoch": 1150, "train_acc": 0.6704860925674438, "val_acc": 0.682812511920929, "val_loss": 0.7552045583724976}