{"epoch": 1300, "train_acc": 0.6734374761581421, "val_acc": 0.688281238079071, "val_loss": 0.7527438402175903}