{"epoch": 900, "train_acc": 0.6769097447395325, "val_acc": 0.6875, "val_loss": 0.749762773513794}