{"epoch": 1450, "train_acc": 0.667881965637207, "val_acc": 0.68359375, "val_loss": 0.7542433738708496}